Date,copper_price,CU_Cathode_FM,CU_Cathode_US_DOM,CU_Cathode_RSA,CU_Cathode_Rotterdam,CU_Cathode_Germany,CU_Cathode_Shangai,CU_Cathode_Japan,CU_Cathode_Taiwan,CU_Cathode_Seasia,Heavy_CU_Wire_1,Heavy_CU_Wire_2,Redbrass_Scrap,Yellowbrass_Scrap,Cu_Wire_Barley,Cu_Wire_Berry,Heavy_CU_Scrap,Cu_Wire_Scrap,Production,Consumption,CU_Concentrate_TC,CU_Concentrate_RC
2014-01-05,7320.2,0.0017319999999999998,0.00072,74497.824,40.0,85.0,62.5,62.5,65.0,65.0,0.00144,0.00146,0.00124,0.0010400000000000001,0.0016399999999999997,0.00162,0.0016,0.0015239999999999997,5287.0,5533.0,111.76000000000002,11.175999999999998
2014-01-12,7336.5,0.00173,0.00072,74497.824,40.0,85.0,62.5,62.5,65.0,65.0,0.00144,0.00146,0.00124,0.0010400000000000001,0.001642,0.0016219999999999997,0.0016040000000000002,0.001526,5287.0,5533.0,111.742,11.1742
2014-01-19,7304.8,0.0017079999999999999,0.00072,74497.824,40.0,85.0,62.5,62.5,65.0,65.0,0.00144,0.00146,0.00124,0.0010400000000000001,0.0016320000000000002,0.0016060000000000002,0.001592,0.0015119999999999999,5287.0,5533.0,111.72999999999999,11.173
2014-01-26,7181.0,0.0016640000000000001,0.00072,74497.824,40.0,85.0,62.5,62.5,65.0,65.0,0.00143,0.00145,0.001234,0.0010400000000000001,0.0015940000000000004,0.0015619999999999998,0.0015540000000000003,0.00147,5287.0,5533.0,111.72999999999999,11.173
2014-02-02,7121.5,0.001644,0.00072,74497.824,40.0,85.0,62.5,62.5,65.0,65.0,0.00139,0.00141,0.00123,0.001028,0.0015780000000000002,0.0015500000000000002,0.0015439999999999998,0.0014579999999999999,5287.0,5533.0,111.72999999999999,11.173
2014-02-09,7163.5,0.001682,0.00072,74497.824,40.0,85.0,62.5,62.5,65.0,65.0,0.00139,0.00141,0.00123,0.0010199999999999999,0.001592,0.001572,0.00156,0.00148,5287.0,5533.0,111.72999999999999,11.173
2014-02-16,7206.3,0.001696,0.00072,74497.824,40.0,85.0,62.5,62.5,65.0,65.0,0.00139,0.00141,0.00123,0.0010199999999999999,0.001616,0.0015940000000000004,0.001578,0.001498,5287.0,5533.0,102.09,10.209
2014-02-23,7117.3,0.001676,0.00072,74497.824,40.0,85.0,62.5,62.5,65.0,65.0,0.00139,0.00141,0.00123,0.0010199999999999999,0.00159,0.0015620000000000002,0.001558,0.001472,5287.0,5533.0,100.414,10.0414
2014-03-02,7031.0,0.0016479999999999997,0.00072,74497.824,40.0,85.0,62.5,62.5,65.0,65.0,0.00139,0.00141,0.00123,0.0010199999999999999,0.0015660000000000001,0.0015400000000000001,0.001536,0.0014459999999999998,5567.0,5757.0,93.71,9.371
2014-03-09,6583.9,0.001552,0.00072,74497.824,40.0,85.0,62.5,62.5,65.0,65.0,0.0013700000000000001,0.00139,0.001212,0.000996,0.00147,0.0014399999999999999,0.001438,0.001348,5567.0,5757.0,93.344,9.334399999999999
2014-03-16,6488.3,0.001534,0.0007599999999999999,74497.824,40.0,85.0,62.5,62.5,65.0,65.0,0.0012900000000000001,0.00131,0.001194,0.0009739999999999998,0.0014719999999999998,0.0014420000000000001,0.0014399999999999999,0.0013440000000000001,5567.0,5757.0,91.88,9.187999999999999
2014-03-23,6574.5,0.0015480000000000001,0.0007700000000000001,74497.824,40.0,85.0,62.5,62.5,65.0,65.0,0.001294,0.001316,0.00119,0.00097,0.00149,0.0014600000000000001,0.0014580000000000003,0.001366,5567.0,5757.0,91.88,9.187999999999999
2014-03-30,6652.8,0.0015619999999999998,0.0007700000000000001,74497.824,40.0,85.0,62.5,62.5,65.0,65.0,0.00131,0.00134,0.00119,0.0009639999999999999,0.001506,0.00148,0.0014759999999999999,0.001378,5567.0,5757.0,103.08,10.308
2014-04-06,6643.3,0.0015699999999999998,0.0007700000000000001,74497.824,40.0,85.0,62.5,62.5,65.0,65.0,0.00131,0.00134,0.00119,0.0009599999999999999,0.00151,0.0014839999999999999,0.00148,0.0013800000000000002,5567.0,5757.0,103.08,10.308
2014-04-13,6626.5,0.001562,0.0007700000000000001,74497.824,40.0,85.0,62.5,62.5,65.0,65.0,0.00131,0.00134,0.00119,0.0009599999999999999,0.0015099999999999998,0.001482,0.001478,0.001376,5567.0,5757.0,104.984,10.4984
2014-04-20,6697.5,0.001584,0.000782,74497.824,40.0,85.0,62.5,62.5,65.0,65.0,0.00131,0.00134,0.00119,0.0009599999999999999,0.0015339999999999998,0.001508,0.0015,0.001398,5567.0,5757.0,105.46,10.546
2014-04-27,6729.1,0.001568,0.0008,74497.824,40.0,85.0,62.5,62.5,65.0,65.0,0.001328,0.0013579999999999998,0.00119,0.0009599999999999999,0.001524,0.0014960000000000002,0.0014919999999999998,0.0013939999999999998,5567.0,5757.0,104.81800000000001,10.4818
2014-05-04,6722.125,0.001574,0.0008,74497.824,40.0,85.0,62.5,62.5,65.0,65.0,0.00134,0.00137,0.001184,0.0009479999999999998,0.0015220000000000001,0.001496,0.00149,0.001376,5567.0,5757.0,104.39000000000001,10.439
2014-05-11,6938.0,0.001618,0.0008,74497.824,40.0,85.0,62.5,62.5,65.0,65.0,0.00134,0.001382,0.001186,0.0009400000000000001,0.001568,0.001538,0.001532,0.001416,5567.0,5757.0,101.114,10.1114
2014-05-18,6941.8,0.001616,0.0008,74497.824,40.0,85.0,62.5,62.5,65.0,65.0,0.00134,0.00139,0.00119,0.0009400000000000001,0.0015699999999999998,0.0015420000000000002,0.001536,0.001418,5567.0,5757.0,96.2,9.62
2014-05-25,7005.125,0.0016200000000000003,0.0008,74497.824,40.0,85.0,62.5,62.5,65.0,65.0,0.00134,0.00139,0.00119,0.0009519999999999999,0.001572,0.001546,0.0015400000000000001,0.0014199999999999998,5567.0,5757.0,98.03,9.803
2014-06-01,6845.7,0.001592,0.0008,74497.824,40.0,85.0,62.5,62.5,65.0,65.0,0.00134,0.00139,0.00119,0.0009599999999999999,0.001548,0.0015220000000000001,0.0015160000000000002,0.001404,5890.0,5828.0,105.35,10.535
2014-06-08,6689.8,0.001554,0.0008,74497.824,40.0,85.0,62.5,62.5,65.0,65.0,0.0013340000000000001,0.001384,0.001184,0.0009599999999999999,0.00151,0.00149,0.0014860000000000001,0.00137,5890.0,5828.0,104.52000000000001,10.452
2014-06-15,6738.6,0.0015700000000000002,0.0008,74497.824,40.0,85.0,62.5,62.5,65.0,65.0,0.00131,0.0013599999999999999,0.00118,0.0009599999999999999,0.001532,0.0015080000000000002,0.001502,0.001394,5890.0,5828.0,101.2,10.12
2014-06-22,6920.5,0.0016140000000000002,0.0008,74497.824,40.0,85.0,62.5,62.5,65.0,65.0,0.00131,0.0013599999999999999,0.00118,0.0009599999999999999,0.001576,0.00155,0.0015440000000000002,0.0014399999999999999,5890.0,5828.0,101.2,10.12
2014-06-29,7060.0,0.001652,0.0008,74497.824,40.0,85.0,62.5,62.5,65.0,65.0,0.00131,0.0013599999999999999,0.00118,0.0009599999999999999,0.0016219999999999997,0.0015880000000000002,0.001582,0.001482,5890.0,5828.0,98.8,9.88
2014-07-06,7141.9,0.00166,0.0008,74497.824,40.0,85.0,62.5,62.5,65.0,65.0,0.00131,0.0013599999999999999,0.00118,0.0009599999999999999,0.0016280000000000003,0.001598,0.001584,0.0014880000000000002,5890.0,5828.0,98.8,9.88
2014-07-13,7085.2,0.0016440000000000003,0.000756,74497.824,40.0,85.0,62.5,62.5,65.0,65.0,0.0013340000000000001,0.001392,0.00118,0.0009599999999999999,0.001608,0.0015800000000000002,0.001564,0.001466,5890.0,5828.0,96.0,9.6
2014-07-20,7089.9,0.0016359999999999999,0.0006900000000000001,74497.824,40.0,85.0,62.5,62.5,65.0,65.0,0.00134,0.0014,0.00118,0.0009599999999999999,0.0016100000000000003,0.0015800000000000002,0.0015700000000000002,0.0014700000000000002,5890.0,5828.0,95.3,9.53
2014-07-27,7110.3,0.001642,0.0006900000000000001,74497.824,40.0,85.0,62.5,62.5,65.0,65.0,0.00134,0.0014,0.001186,0.0009599999999999999,0.001604,0.001574,0.0015700000000000002,0.001472,5890.0,5828.0,96.62,9.661999999999999
2014-08-03,7040.0,0.001624,0.0006900000000000001,74497.824,40.0,85.0,62.5,62.5,65.0,65.0,0.00134,0.0014,0.0011959999999999998,0.0009659999999999998,0.001584,0.001552,0.001552,0.0014520000000000002,5890.0,5828.0,98.6,9.86
2014-08-10,6940.1,0.00159,0.0006900000000000001,74497.824,40.0,85.0,62.5,62.5,65.0,65.0,0.00133,0.00139,0.001194,0.00097,0.0015480000000000001,0.001516,0.0015140000000000002,0.001424,5890.0,5828.0,100.58,10.058
2014-08-17,6971.5,0.001604,0.0006900000000000001,74497.824,40.0,85.0,62.5,62.5,65.0,65.0,0.0012900000000000001,0.00135,0.0011959999999999998,0.00097,0.001562,0.0015379999999999999,0.001526,0.001444,5890.0,5828.0,108.5,10.85
2014-08-24,7043.75,0.0016140000000000002,0.0006900000000000001,74497.824,40.0,85.0,62.5,62.5,65.0,65.0,0.0012900000000000001,0.00135,0.0012,0.00097,0.001576,0.001556,0.0015400000000000001,0.001458,5890.0,5828.0,108.72,10.872
2014-08-31,6959.8,0.0016,0.0006900000000000001,74497.824,40.0,85.0,62.5,62.5,65.0,65.0,0.0012900000000000001,0.00135,0.001194,0.0009819999999999998,0.00156,0.001534,0.001524,0.00144,5890.0,5828.0,109.6,10.96
2014-09-07,6912.0,0.001584,0.000678,75385.048,40.0,85.0,62.5,62.5,65.0,65.0,0.0012900000000000001,0.00135,0.001184,0.00099,0.001542,0.0015119999999999999,0.0015040000000000001,0.001424,6090.0,6094.0,109.6,10.96
2014-09-14,6898.5,0.001586,0.00066,75986.464,40.0,85.0,62.5,62.5,65.0,65.0,0.0012900000000000001,0.00134,0.001186,0.00099,0.0015420000000000002,0.0015140000000000002,0.001504,0.001424,6090.0,6094.0,112.4,11.24
2014-09-21,6773.2,0.001552,0.00066,75609.966,40.0,85.0,62.5,62.5,65.0,65.0,0.0012900000000000001,0.00134,0.00119,0.00099,0.0015019999999999999,0.0014759999999999999,0.0014659999999999999,0.001378,6090.0,6094.0,112.4,11.24
2014-09-28,6717.0,0.0015400000000000001,0.00066,75553.622,40.0,85.0,62.5,62.5,65.0,65.0,0.0012699999999999999,0.00133,0.001172,0.00099,0.001498,0.001474,0.0014579999999999999,0.001368,6090.0,6094.0,113.28,11.328
2014-10-05,6729.3,0.001544,0.00066,75246.58,40.0,85.0,62.5,62.5,65.0,65.0,0.0012699999999999999,0.00133,0.001172,0.000984,0.0015,0.00148,0.00146,0.001376,6090.0,6094.0,113.5,11.35
2014-10-12,6724.5,0.00154,0.00066,74457.58,40.0,85.0,62.5,62.5,65.0,65.0,0.001258,0.0013180000000000002,0.00118,0.00098,0.001498,0.001476,0.001454,0.001376,6090.0,6094.0,114.46000000000001,11.446
2014-10-19,6696.7,0.0015480000000000001,0.00066,73799.726,40.0,85.0,62.5,62.5,65.0,65.0,0.00125,0.00131,0.00118,0.00098,0.0014939999999999999,0.001474,0.0014539999999999998,0.001376,6090.0,6094.0,115.1,11.51
2014-10-26,6827.1,0.001574,0.00066,74569.472,40.0,85.0,62.5,62.5,65.0,65.0,0.00125,0.00131,0.001168,0.00098,0.001518,0.0014960000000000002,0.0014759999999999999,0.001398,6090.0,6094.0,114.2,11.42
2014-11-02,6710.8,0.001554,0.00066,74623.702,40.0,85.0,62.5,62.5,65.0,65.0,0.00125,0.00131,0.001154,0.0009679999999999999,0.001498,0.0014719999999999998,0.0014500000000000001,0.00137,6090.0,6094.0,110.6,11.06
2014-11-09,6725.3,0.00155,0.00066,75572.916,40.0,85.0,62.5,62.5,65.0,65.0,0.00125,0.00131,0.00115,0.0009599999999999999,0.0014939999999999999,0.001464,0.001446,0.001366,6090.0,6094.0,109.6,10.96
2014-11-16,6725.8,0.001546,0.00066,74346.392,40.0,85.0,62.5,62.5,65.0,65.0,0.00125,0.00131,0.00115,0.0009599999999999999,0.0014919999999999998,0.0014659999999999999,0.001446,0.001362,6090.0,6094.0,105.6,10.56
2014-11-23,6642.6,0.0015140000000000002,0.00066,71623.24600000001,40.0,85.0,62.5,62.5,65.0,65.0,0.00125,0.00131,0.00115,0.0009599999999999999,0.0014639999999999996,0.0014279999999999998,0.001414,0.0013339999999999997,6090.0,6094.0,105.47999999999999,10.548
2014-11-30,6463.6,0.0014919999999999998,0.0006720000000000001,71954.024,40.0,85.0,62.5,62.5,65.0,65.0,0.00118,0.00121,0.001138,0.0009359999999999999,0.001426,0.001396,0.00138,0.0013000000000000002,6090.0,6094.0,105.0,10.5
2014-12-07,6468.1,0.0014959999999999997,0.0006900000000000001,74367.214,40.0,85.0,62.5,62.5,65.0,65.0,0.00118,0.00121,0.0011300000000000001,0.00092,0.001432,0.0014059999999999997,0.0013920000000000002,0.001312,5480.0,5414.0,105.0,10.5
2014-12-14,6410.4,0.001482,0.0006900000000000001,75205.992,40.0,85.0,62.5,62.5,65.0,65.0,0.00118,0.00121,0.0011300000000000001,0.00092,0.001414,0.001382,0.0013700000000000001,0.0012920000000000002,5480.0,5414.0,106.8,10.68
2014-12-21,6383.5,0.00148,0.0006900000000000001,74124.89799999999,40.0,85.0,62.5,62.5,65.0,65.0,0.00118,0.00121,0.0011300000000000001,0.00092,0.001408,0.0013739999999999998,0.001364,0.001284,5480.0,5414.0,106.8,10.68
2014-12-28,6332.5,0.001454,0.0006900000000000001,73533.372,40.0,85.0,62.5,62.5,65.0,65.0,0.001168,0.001198,0.0011300000000000001,0.00092,0.0013980000000000002,0.001362,0.00135,0.001272,5480.0,5414.0,106.8,10.68
2015-01-04,6191.7,0.00143,0.0006900000000000001,72334.57800000001,40.0,85.0,62.5,62.5,65.0,65.0,0.00116,0.00119,0.0011120000000000001,0.000908,0.0013579999999999998,0.0013260000000000001,0.0013219999999999998,0.001238,5480.0,5414.0,106.8,10.68
2015-01-11,5810.4,0.0013520000000000001,0.0007020000000000001,66838.48199999999,40.0,85.0,62.5,62.5,65.0,65.0,0.001104,0.001134,0.001058,0.000876,0.001284,0.0012540000000000001,0.00125,0.001168,5480.0,5414.0,105.8,10.58
2015-01-18,5677.0,0.001334,0.00072,65582.46800000001,40.0,85.0,62.5,62.5,65.0,65.0,0.0010199999999999999,0.00105,0.0010180000000000002,0.00086,0.001268,0.0012419999999999998,0.001236,0.001158,5480.0,5414.0,104.3,10.43
2015-01-25,5485.6,0.0012940000000000002,0.000724,63211.638,40.0,85.0,62.5,62.5,65.0,65.0,0.0010099999999999998,0.00104,0.00101,0.000848,0.001224,0.001194,0.001194,0.0011099999999999999,5480.0,5414.0,103.96,10.395999999999999
2015-02-01,5645.1,0.0013260000000000001,0.00073,64691.156,40.0,85.0,62.5,62.5,65.0,65.0,0.00097,0.001,0.000998,0.000822,0.0012679999999999998,0.001238,0.001238,0.00115,5480.0,5414.0,102.6,10.26
2015-02-08,5665.7,0.0013260000000000001,0.00073,66074.612,40.0,85.0,62.5,62.5,65.0,65.0,0.0009819999999999998,0.001014,0.000984,0.000822,0.00127,0.00124,0.0012439999999999999,0.001152,5480.0,5414.0,102.3,10.23
2015-02-15,5698.9,0.0013419999999999999,0.00073,66390.206,40.0,85.0,62.5,62.5,65.0,65.0,0.00103,0.00107,0.00098,0.0008240000000000001,0.001284,0.0012499999999999998,0.00125,0.001166,5480.0,5414.0,101.1,10.11
2015-02-22,5798.6,0.001382,0.000714,67018.704,40.0,85.0,62.5,62.5,65.0,65.0,0.001034,0.0010760000000000001,0.00098,0.0008199999999999999,0.001306,0.0012720000000000001,0.00127,0.001186,5480.0,5414.0,100.11999999999999,10.011999999999999
2015-03-01,5863.1,0.0013700000000000001,0.0006900000000000001,68950.474,40.0,85.0,62.5,62.5,65.0,65.0,0.00105,0.0011,0.00098,0.0008199999999999999,0.001306,0.001274,0.00127,0.001186,5611.0,5723.0,96.2,9.62
2015-03-08,5819.0,0.0013599999999999999,0.0006900000000000001,71196.06999999999,40.0,85.0,62.5,62.5,65.0,65.0,0.00105,0.0011,0.00098,0.000808,0.001294,0.0012640000000000001,0.0012619999999999999,0.00118,5611.0,5723.0,96.7,9.669999999999998
2015-03-15,5813.1,0.0013659999999999998,0.0006900000000000001,71637.77200000001,40.0,85.0,62.5,62.5,65.0,65.0,0.00105,0.0011,0.00098,0.0008,0.0013059999999999999,0.001278,0.001268,0.001182,5611.0,5723.0,98.7,9.87
2015-03-22,6146.4,0.0014340000000000002,0.0006900000000000001,73312.65800000001,40.0,85.0,62.5,62.5,65.0,65.0,0.00105,0.0011,0.000998,0.0008,0.001374,0.001348,0.001336,0.001244,5611.0,5723.0,98.7,9.87
2015-03-29,6036.6,0.0014099999999999998,0.0006900000000000001,72830.724,40.0,85.0,62.5,62.5,65.0,65.0,0.001068,0.0011119999999999997,0.00101,0.0007940000000000001,0.001346,0.001324,0.001312,0.0012200000000000002,5611.0,5723.0,98.62,9.861999999999998
2015-04-05,6040.5,0.001408,0.0006900000000000001,71761.106,40.0,85.0,62.5,62.5,65.0,65.0,0.00108,0.00112,0.00101,0.0007900000000000001,0.0013440000000000001,0.0013140000000000003,0.001304,0.001214,5611.0,5723.0,98.6,9.86
2015-04-12,5996.7,0.001406,0.0006900000000000001,72278.806,40.0,85.0,62.5,62.5,65.0,65.0,0.001068,0.001114,0.00101,0.0007900000000000001,0.0013440000000000001,0.00132,0.00131,0.00121,5611.0,5723.0,97.22,9.722000000000001
2015-04-19,5972.9,0.001388,0.0006900000000000001,72482.118,40.0,85.0,62.5,62.5,65.0,65.0,0.00106,0.0011099999999999999,0.00101,0.0007900000000000001,0.0013340000000000001,0.0013080000000000001,0.0012980000000000001,0.0011979999999999998,5611.0,5723.0,96.3,9.63
2015-04-26,6172.3,0.001448,0.0006900000000000001,73118.87,40.0,85.0,62.5,62.5,65.0,65.0,0.001076,0.001124,0.00101,0.0007900000000000001,0.001394,0.0013700000000000001,0.0013599999999999999,0.00126,5611.0,5723.0,94.93999999999998,9.494
2015-05-03,6401.2,0.0014960000000000002,0.0006900000000000001,76480.716,40.0,85.0,62.5,62.5,65.0,65.0,0.00114,0.00118,0.001016,0.000802,0.0014420000000000001,0.001414,0.001404,0.001304,5611.0,5723.0,92.9,9.29
2015-05-10,6396.4,0.001504,0.0006900000000000001,76496.192,40.0,85.0,62.5,62.5,65.0,65.0,0.00114,0.00118,0.0010259999999999998,0.000828,0.0014380000000000003,0.0014119999999999996,0.001402,0.001302,5611.0,5723.0,93.38000000000001,9.338
2015-05-17,6259.7,0.0014680000000000001,0.0006900000000000001,74225.726,40.0,85.0,62.5,62.5,65.0,65.0,0.00114,0.00118,0.00103,0.0008400000000000001,0.001404,0.001372,0.0013679999999999999,0.0012679999999999998,5611.0,5723.0,95.3,9.53
2015-05-24,6124.5,0.0014379999999999998,0.0006900000000000001,73515.296,40.0,85.0,62.5,62.5,65.0,65.0,0.00114,0.00118,0.0010240000000000002,0.0008400000000000001,0.0013679999999999999,0.0013320000000000003,0.00133,0.00123,5611.0,5723.0,94.47999999999999,9.447999999999999
2015-05-31,5967.9,0.0013999999999999998,0.000678,73202.626,40.0,85.0,62.5,62.5,65.0,65.0,0.00109,0.0011300000000000001,0.0010199999999999999,0.0008400000000000001,0.0013419999999999999,0.001304,0.0013000000000000002,0.0012000000000000001,5611.0,5723.0,91.2,9.12
2015-06-07,5948.8,0.001394,0.00066,74015.286,40.0,85.0,62.5,62.5,65.0,65.0,0.00109,0.0011300000000000001,0.0010199999999999999,0.0008400000000000001,0.001334,0.0013000000000000002,0.0013000000000000002,0.0012000000000000001,5810.0,5961.0,91.2,9.12
2015-06-14,5737.1,0.001342,0.00066,70946.774,40.0,85.0,62.5,62.5,65.0,65.0,0.0010400000000000001,0.00108,0.001008,0.0008400000000000001,0.0012900000000000001,0.0012540000000000001,0.0012540000000000001,0.001154,5810.0,5961.0,86.8,8.68
2015-06-21,5716.5,0.0013440000000000001,0.00066,69487.53,40.0,85.0,62.5,62.5,65.0,65.0,0.0010400000000000001,0.00108,0.001,0.0008400000000000001,0.001288,0.001252,0.00125,0.001154,5810.0,5961.0,86.8,8.68
2015-06-28,5753.2,0.0013480000000000002,0.00066,70494.90199999999,40.0,85.0,62.5,62.5,65.0,65.0,0.0010340000000000002,0.00108,0.001,0.0008400000000000001,0.0012980000000000001,0.001258,0.001258,0.00116,5810.0,5961.0,81.67999999999999,8.168
2015-07-05,5504.6,0.00129,0.00066,68492.686,40.0,85.0,62.5,62.5,65.0,65.0,0.00103,0.00108,0.000976,0.00081,0.001238,0.0012059999999999998,0.0012059999999999998,0.001106,5810.0,5961.0,80.4,8.04
2015-07-12,5540.0,0.0012980000000000001,0.00066,68802.15800000001,40.0,85.0,62.5,62.5,65.0,65.0,0.001,0.00105,0.0009599999999999999,0.0007900000000000001,0.001248,0.001212,0.001212,0.001112,5810.0,5961.0,83.76,8.376000000000001
2015-07-19,5363.1,0.001246,0.00066,66606.052,40.0,85.0,62.5,62.5,65.0,65.0,0.00098,0.00103,0.0009599999999999999,0.0007900000000000001,0.001202,0.001164,0.001164,0.0010659999999999999,5810.0,5961.0,86.0,8.6
2015-07-26,5238.5,0.0012219999999999998,0.000684,66200.91,40.0,85.0,62.5,62.5,65.0,65.0,0.0009660000000000001,0.0010140000000000001,0.0009599999999999999,0.0007900000000000001,0.001176,0.0011439999999999998,0.001142,0.0010420000000000002,5810.0,5961.0,85.44,8.544
2015-08-02,5172.8,0.00121,0.00072,65807.16,40.0,85.0,62.5,62.5,65.0,65.0,0.00091,0.00095,0.000954,0.0007900000000000001,0.001158,0.0011300000000000001,0.0011259999999999998,0.001026,5810.0,5961.0,83.2,8.32
2015-08-09,5139.4,0.0012159999999999999,0.00072,65678.65400000001,40.0,85.0,62.5,62.5,65.0,65.0,0.000908,0.00095,0.00095,0.0007900000000000001,0.001164,0.00114,0.001132,0.001032,5810.0,5961.0,83.4,8.34
2015-08-16,5042.9,0.001186,0.00072,65108.31800000001,40.0,85.0,62.5,62.5,65.0,65.0,0.0009,0.00095,0.0009380000000000001,0.0007719999999999999,0.0011360000000000003,0.0011179999999999999,0.001108,0.0010019999999999999,5810.0,5961.0,84.2,8.42
2015-08-23,5000.6,0.001184,0.0007080000000000001,65871.13,40.0,85.0,62.5,62.5,65.0,65.0,0.0009,0.00095,0.0009119999999999999,0.000754,0.0011359999999999999,0.001116,0.001104,0.0010040000000000001,5810.0,5961.0,85.52000000000001,8.552
2015-08-30,5137.2,0.0012000000000000001,0.0006900000000000001,68905.87,40.0,85.0,62.5,62.5,65.0,65.0,0.00089,0.00093,0.0009,0.00075,0.001154,0.001134,0.001122,0.001026,5810.0,5961.0,90.8,9.08
2015-09-06,5314.8,0.001242,0.0006900000000000001,72980.55600000001,40.0,85.0,62.5,62.5,65.0,65.0,0.00089,0.00093,0.000906,0.00075,0.0011940000000000002,0.001172,0.001156,0.001068,6216.0,6101.0,90.8,9.08
2015-09-13,5338.2,0.001248,0.0006900000000000001,71704.38600000001,40.0,85.0,62.5,62.5,65.0,65.0,0.000906,0.000954,0.000904,0.00075,0.001198,0.001176,0.0011620000000000003,0.001068,6216.0,6101.0,93.11999999999999,9.312
2015-09-20,5130.8,0.001192,0.0006900000000000001,70164.834,40.0,85.0,62.5,62.5,65.0,65.0,0.00091,0.0009599999999999999,0.000894,0.0007440000000000001,0.0011459999999999999,0.0011179999999999999,0.001106,0.00101,6216.0,6101.0,93.7,9.37
2015-09-27,5065.4,0.0011819999999999999,0.0006900000000000001,70747.178,40.0,85.0,62.5,62.5,65.0,65.0,0.0008920000000000001,0.0009359999999999999,0.00089,0.00074,0.001134,0.001106,0.0010999999999999998,0.001,6216.0,6101.0,97.9,9.79
2015-10-04,5207.9,0.0012159999999999999,0.0006900000000000001,70532.43400000001,40.0,85.0,62.5,62.5,65.0,65.0,0.00088,0.00092,0.000884,0.00074,0.001168,0.001142,0.0011359999999999999,0.001036,6216.0,6101.0,100.7,10.07
2015-10-11,5297.5,0.001236,0.0006900000000000001,70527.33600000001,40.0,85.0,62.5,62.5,65.0,65.0,0.000884,0.000928,0.00088,0.00074,0.001194,0.001166,0.001154,0.0010580000000000001,6216.0,6101.0,100.7,10.07
2015-10-18,5236.7,0.0012159999999999999,0.0006900000000000001,69840.462,40.0,85.0,62.5,62.5,65.0,65.0,0.00089,0.0009400000000000001,0.0008680000000000001,0.00074,0.001168,0.001142,0.001136,0.001036,6216.0,6101.0,100.7,10.07
2015-10-25,5185.6,0.001202,0.0006900000000000001,71071.67000000001,40.0,85.0,62.5,62.5,65.0,65.0,0.000886,0.0009340000000000002,0.00086,0.00074,0.0011519999999999998,0.001132,0.0011160000000000002,0.001022,6216.0,6101.0,101.7,10.17
2015-11-01,5101.0,0.001176,0.0006900000000000001,70515.21599999999,40.0,85.0,62.5,62.5,65.0,65.0,0.0008699999999999999,0.00091,0.0008539999999999999,0.000734,0.001128,0.001108,0.001088,0.000996,6216.0,6101.0,105.7,10.57
2015-11-08,4910.4,0.001134,0.0006900000000000001,69793.728,40.0,85.0,62.5,62.5,65.0,65.0,0.0008699999999999999,0.00091,0.0008499999999999998,0.00073,0.001084,0.00106,0.001038,0.0009480000000000001,6216.0,6101.0,105.6,10.559999999999999
2015-11-15,4686.8,0.0010739999999999999,0.0006900000000000001,65678.282,40.0,85.0,62.5,62.5,65.0,65.0,0.0008199999999999999,0.00086,0.000838,0.000706,0.001024,0.000998,0.000984,0.0009,6216.0,6101.0,105.2,10.52
2015-11-22,4577.3,0.00105,0.0006900000000000001,64573.386,40.0,85.0,62.5,62.5,65.0,65.0,0.0008199999999999999,0.00086,0.000812,0.0006720000000000001,0.0009980000000000002,0.000976,0.0009579999999999999,0.000878,6216.0,6101.0,105.2,10.52
2015-11-29,4593.1,0.001058,0.000666,66100.076,40.0,85.0,62.5,62.5,65.0,65.0,0.00074,0.0007900000000000001,0.0007940000000000001,0.00066,0.001008,0.0009819999999999998,0.0009659999999999998,0.0008880000000000001,6216.0,6101.0,102.2,10.22
2015-12-06,4603.8,0.00106,0.00063,68045.236,40.0,85.0,62.5,62.5,65.0,65.0,0.00074,0.0007900000000000001,0.0007900000000000001,0.00066,0.001012,0.00099,0.000976,0.0009,5753.0,5492.0,102.2,10.22
2015-12-13,4601.8,0.001064,0.00063,69622.394,40.0,85.0,62.5,62.5,65.0,65.0,0.00074,0.0007900000000000001,0.0007900000000000001,0.00066,0.00102,0.000994,0.000984,0.000902,5753.0,5492.0,99.64,9.964
2015-12-20,4674.9,0.001082,0.00063,71084.65,40.0,85.0,62.5,62.5,65.0,65.0,0.00074,0.0007900000000000001,0.0007900000000000001,0.0006479999999999999,0.001042,0.001018,0.00101,0.0009219999999999999,5753.0,5492.0,99.0,9.9
2015-12-27,4693.9,0.001086,0.00063,72308.076,40.0,85.0,62.5,62.5,65.0,65.0,0.0007479999999999999,0.0007940000000000001,0.0007900000000000001,0.00064,0.0010459999999999998,0.001024,0.001016,0.0009260000000000001,5753.0,5492.0,97.8,9.780000000000001
2016-01-03,4578.5,0.001056,0.00063,72104.19200000001,40.0,85.0,62.5,62.5,65.0,65.0,0.0007599999999999999,0.0008,0.0007900000000000001,0.00064,0.001012,0.00099,0.000982,0.0008920000000000001,5753.0,5492.0,96.0,9.6
2016-01-10,4362.7,0.0010060000000000002,0.00061,72754.01599999999,40.0,85.0,62.5,62.5,65.0,65.0,0.000744,0.0007900000000000001,0.000784,0.00064,0.0009679999999999999,0.0009400000000000001,0.0009339999999999999,0.0008480000000000001,5753.0,5492.0,95.34,9.534
2016-01-17,4398.3,0.001012,0.00058,73712.92,40.0,85.0,62.5,62.5,65.0,65.0,0.0006799999999999999,0.00075,0.00078,0.00064,0.0009780000000000001,0.0009480000000000001,0.0009440000000000001,0.000858,5753.0,5492.0,92.7,9.27
2016-01-24,4511.5,0.001046,0.000592,73934.87400000001,40.0,85.0,62.5,62.5,65.0,65.0,0.0006799999999999999,0.00075,0.000786,0.000646,0.00101,0.000986,0.000986,0.0009,5753.0,5492.0,92.24000000000001,9.224
2016-01-31,4614.4,0.001068,0.00061,73924.378,40.0,85.0,62.5,62.5,65.0,65.0,0.0007099999999999999,0.00078,0.0007900000000000001,0.00065,0.001036,0.00101,0.0010079999999999998,0.000924,5753.0,5492.0,90.4,9.04
2016-02-07,4514.5,0.001046,0.000618,72543.644,40.0,85.0,62.5,62.5,65.0,65.0,0.0007099999999999999,0.00078,0.0007900000000000001,0.00065,0.001008,0.000984,0.00098,0.000908,5753.0,5492.0,90.4,9.04
2016-02-14,4574.9,0.001058,0.00063,71584.734,40.0,85.0,62.5,62.5,65.0,65.0,0.0007099999999999999,0.00078,0.0007900000000000001,0.000656,0.0010180000000000002,0.000998,0.000992,0.0009220000000000001,5753.0,5492.0,86.8,8.68
2016-02-21,4656.2,0.00108,0.00063,72572.37999999999,40.0,85.0,62.5,62.5,65.0,65.0,0.0007099999999999999,0.00078,0.0007900000000000001,0.00066,0.001042,0.00102,0.001012,0.0009419999999999999,5753.0,5492.0,86.8,8.68
2016-02-28,4791.8,0.0011200000000000001,0.00063,75489.162,40.0,85.0,62.5,62.5,65.0,65.0,0.0007259999999999999,0.000796,0.000796,0.00066,0.001086,0.001064,0.001052,0.000984,5753.0,5492.0,85.0,8.5
2016-03-06,4955.5,0.0011480000000000001,0.00063,76002.23799999998,40.0,85.0,62.5,62.5,65.0,65.0,0.00073,0.0008,0.000806,0.000666,0.00111,0.001088,0.001082,0.000998,5802.0,5832.0,85.0,8.5
2016-03-13,4998.2,0.001154,0.00063,77679.072,40.0,85.0,62.5,62.5,65.0,65.0,0.000762,0.0008320000000000001,0.000828,0.00067,0.00112,0.001094,0.0010919999999999999,0.0010040000000000001,5802.0,5832.0,84.28,8.428
2016-03-20,5014.4,0.0011519999999999998,0.00063,76874.65599999999,40.0,85.0,62.5,62.5,65.0,65.0,0.0007700000000000001,0.0008400000000000001,0.0008400000000000001,0.0006760000000000001,0.001124,0.0010999999999999998,0.001094,0.001008,5802.0,5832.0,84.1,8.41
2016-03-27,4909.2,0.0011259999999999998,0.00063,74454.848,40.0,85.0,62.5,62.5,65.0,65.0,0.000768,0.000838,0.0008400000000000001,0.0006799999999999999,0.001096,0.001074,0.00107,0.0009819999999999998,5802.0,5832.0,83.42,8.342
2016-04-03,4747.2,0.001088,0.00063,71036.272,40.0,85.0,62.5,62.5,65.0,65.0,0.0007599999999999999,0.0008300000000000002,0.0008400000000000001,0.000686,0.0010580000000000001,0.00103,0.001028,0.0009519999999999999,5802.0,5832.0,82.4,8.24
2016-04-10,4768.5,0.001098,0.00063,70045.01400000001,40.0,85.0,62.5,62.5,65.0,65.0,0.0007599999999999999,0.0008300000000000002,0.0008460000000000001,0.0006960000000000001,0.001068,0.0010479999999999999,0.001044,0.0009680000000000001,5802.0,5832.0,83.3,8.33
2016-04-17,4917.9,0.0011439999999999998,0.000638,70825.072,40.0,85.0,62.5,62.5,65.0,65.0,0.0007599999999999999,0.0008300000000000002,0.000856,0.0007059999999999998,0.001114,0.0010919999999999999,0.001088,0.001012,5802.0,5832.0,86.9,8.69
2016-04-24,4965.1,0.001152,0.00065,71545.95999999999,40.0,85.0,62.5,62.5,65.0,65.0,0.0007599999999999999,0.0008300000000000002,0.00086,0.0007099999999999999,0.0011220000000000002,0.0011040000000000002,0.001094,0.001024,5802.0,5832.0,87.94000000000001,8.794
2016-05-01,4906.6,0.0011279999999999999,0.000666,71751.1,40.0,85.0,62.5,62.5,65.0,65.0,0.0008,0.0008699999999999999,0.00086,0.0007099999999999999,0.001094,0.001076,0.001066,0.001002,5802.0,5832.0,92.1,9.21
2016-05-08,4720.3,0.001076,0.0006900000000000001,71065.306,40.0,85.0,62.5,62.5,65.0,65.0,0.0008,0.0008699999999999999,0.00086,0.000698,0.00104,0.0010180000000000002,0.001014,0.00095,5802.0,5832.0,92.08,9.208000000000002
2016-05-15,4620.3,0.0010700000000000002,0.0006900000000000001,72458.408,40.0,85.0,62.5,62.5,65.0,65.0,0.00075,0.0008199999999999999,0.0008539999999999999,0.0006900000000000001,0.001036,0.00101,0.00101,0.0009440000000000001,5802.0,5832.0,92.0,9.2
2016-05-22,4655.2,0.0010760000000000001,0.0006900000000000001,72772.39600000001,40.0,85.0,62.5,62.5,65.0,65.0,0.00075,0.0008199999999999999,0.0008619999999999999,0.0006960000000000001,0.001044,0.00102,0.001016,0.000952,5802.0,5832.0,92.0,9.2
2016-05-29,4662.9,0.0010799999999999998,0.0006900000000000001,72928.79000000001,40.0,85.0,62.5,62.5,65.0,65.0,0.00075,0.0008199999999999999,0.000864,0.0007,0.0010500000000000002,0.001022,0.00102,0.0009519999999999999,5802.0,5832.0,97.52000000000001,9.752
2016-06-05,4587.1,0.001062,0.0006900000000000001,68426.728,40.0,85.0,62.5,62.5,65.0,65.0,0.00075,0.0008199999999999999,0.00086,0.0007,0.001032,0.00101,0.0010040000000000001,0.000936,6003.0,6105.0,98.9,9.89
2016-06-12,4540.7,0.001062,0.0006900000000000001,69298.804,40.0,85.0,62.5,62.5,65.0,65.0,0.00075,0.0008199999999999999,0.00086,0.0007,0.001032,0.0010040000000000001,0.0010040000000000001,0.0009400000000000001,6003.0,6105.0,98.06,9.806000000000001
2016-06-19,4653.9,0.001094,0.0006900000000000001,69606.78,40.0,85.0,62.5,62.5,65.0,65.0,0.00075,0.0008199999999999999,0.0008659999999999999,0.0007,0.001064,0.00104,0.001036,0.000972,6003.0,6105.0,97.5,9.75
2016-06-26,4772.0,0.0011200000000000001,0.0006900000000000001,71967.74,40.0,85.0,62.5,62.5,65.0,65.0,0.000762,0.000832,0.0008699999999999999,0.0007,0.001092,0.0010700000000000002,0.001064,0.001,6003.0,6105.0,99.25999999999999,9.925999999999998
2016-07-03,4780.3,0.0011099999999999999,0.0006900000000000001,70278.83200000001,40.0,85.0,62.5,62.5,65.0,65.0,0.00078,0.0008499999999999998,0.0008699999999999999,0.0007059999999999998,0.00108,0.00106,0.001056,0.000988,6003.0,6105.0,101.9,10.19
2016-07-10,4866.6,0.001138,0.0006900000000000001,70193.486,40.0,85.0,62.5,62.5,65.0,65.0,0.000782,0.000852,0.000876,0.0007099999999999999,0.0011099999999999999,0.001088,0.001088,0.00101,6003.0,6105.0,102.2,10.219999999999999
2016-07-17,4917.4,0.0011560000000000001,0.0006900000000000001,70347.412,40.0,85.0,62.5,62.5,65.0,65.0,0.0007900000000000001,0.00086,0.00088,0.0007099999999999999,0.0011259999999999998,0.0011040000000000002,0.0011,0.00102,6003.0,6105.0,103.4,10.34
2016-07-24,4873.3,0.001134,0.0006900000000000001,69473.098,40.0,85.0,62.5,62.5,65.0,65.0,0.0007900000000000001,0.00086,0.00088,0.0007099999999999999,0.001106,0.00108,0.00108,0.0009980000000000002,6003.0,6105.0,103.3,10.33
2016-07-31,4843.3,0.001124,0.0006900000000000001,67140.592,40.0,85.0,62.5,62.5,65.0,65.0,0.0007900000000000001,0.00086,0.00088,0.0007099999999999999,0.00109,0.00107,0.0010659999999999999,0.000984,6003.0,6105.0,102.9,10.29
2016-08-07,4801.1,0.001112,0.000666,64826.714,40.0,85.0,62.5,62.5,65.0,65.0,0.0007900000000000001,0.00086,0.00088,0.000704,0.0010760000000000001,0.001056,0.001056,0.000972,6003.0,6105.0,102.9,10.29
2016-08-14,4775.2,0.001106,0.00063,63911.074,40.0,85.0,62.5,62.5,65.0,65.0,0.00078,0.0008499999999999998,0.00088,0.0007,0.0010760000000000001,0.001056,0.001056,0.000972,6003.0,6105.0,101.7,10.17
2016-08-21,4674.2,0.0010799999999999998,0.00063,64829.75600000001,40.0,85.0,62.5,62.5,65.0,65.0,0.00078,0.0008499999999999998,0.000874,0.0007,0.0010440000000000002,0.00102,0.001022,0.0009400000000000001,6003.0,6105.0,101.7,10.17
2016-08-28,4612.1,0.00106,0.00063,66787.27799999999,40.0,85.0,62.5,62.5,65.0,65.0,0.0007679999999999999,0.000838,0.0008699999999999999,0.0007,0.00103,0.00101,0.00101,0.00093,6003.0,6105.0,102.47999999999999,10.248
2016-09-04,4621.8,0.001072,0.00063,65502.98,40.0,85.0,62.5,62.5,65.0,65.0,0.0007599999999999999,0.0008300000000000002,0.0008699999999999999,0.0007,0.0010380000000000003,0.001018,0.001018,0.0009340000000000002,6036.0,6307.0,103.0,10.3
2016-09-11,4673.9,0.001092,0.00063,67035.69600000001,40.0,85.0,62.5,62.5,65.0,65.0,0.0007639999999999999,0.000834,0.0008699999999999999,0.000694,0.0010640000000000003,0.0010379999999999999,0.001044,0.000952,6036.0,6307.0,102.75999999999999,10.276
2016-09-18,4765.5,0.001112,0.00063,65931.038,40.0,85.0,62.5,62.5,65.0,65.0,0.0007700000000000001,0.0008400000000000001,0.000876,0.0006900000000000001,0.001086,0.001056,0.0010659999999999999,0.00097,6036.0,6307.0,102.4,10.24
2016-09-25,4805.0,0.00112,0.00063,65535.53200000001,40.0,85.0,62.5,62.5,65.0,65.0,0.0007700000000000001,0.0008400000000000001,0.00088,0.0006900000000000001,0.001088,0.001062,0.001072,0.0009739999999999998,6036.0,6307.0,102.16,10.216
2016-10-02,4771.8,0.0011099999999999999,0.0006219999999999999,65704.128,40.0,85.0,62.5,62.5,65.0,65.0,0.00078,0.0008499999999999998,0.000874,0.0006960000000000001,0.0010739999999999999,0.0010519999999999998,0.001062,0.000962,6036.0,6307.0,101.2,10.12
2016-10-09,4763.9,0.0011020000000000001,0.00061,67249.992,40.0,85.0,62.5,62.5,65.0,65.0,0.00078,0.0008499999999999998,0.0008699999999999999,0.0007,0.001068,0.001046,0.0010520000000000002,0.0009599999999999999,6036.0,6307.0,101.1,10.11
2016-10-16,4650.0,0.001076,0.00061,65192.524,40.0,85.0,62.5,62.5,65.0,65.0,0.0007599999999999999,0.0008300000000000002,0.000864,0.0007,0.001038,0.001014,0.0010179999999999998,0.000928,6036.0,6307.0,100.7,10.07
2016-10-23,4723.8,0.001098,0.00061,65583.45800000001,40.0,85.0,62.5,62.5,65.0,65.0,0.0007599999999999999,0.0008300000000000002,0.00086,0.0007,0.00106,0.001036,0.001038,0.000952,6036.0,6307.0,100.7,10.07
2016-10-30,4884.4,0.0011439999999999998,0.00061,66182.03399999999,40.0,85.0,62.5,62.5,65.0,65.0,0.000784,0.000854,0.00086,0.0007,0.001108,0.001082,0.0010840000000000001,0.000998,6036.0,6307.0,99.0,9.9
2016-11-06,5386.0,0.001248,0.00061,73555.73000000001,40.0,85.0,62.5,62.5,65.0,65.0,0.0007900000000000001,0.00086,0.000872,0.0007059999999999998,0.001202,0.001178,0.00118,0.0010840000000000001,6036.0,6307.0,99.0,9.9
2016-11-13,5479.8,0.0012720000000000001,0.00061,78428.25,40.0,85.0,62.5,62.5,65.0,65.0,0.0008460000000000001,0.0009160000000000001,0.00088,0.0007160000000000001,0.0012239999999999998,0.001194,0.001194,0.00109,6036.0,6307.0,95.55999999999999,9.556000000000001
2016-11-20,5674.9,0.0013139999999999998,0.00061,80595.178,40.0,85.0,62.5,62.5,65.0,65.0,0.00086,0.00093,0.00088,0.00072,0.00126,0.0012360000000000001,0.001232,0.0011220000000000002,6036.0,6307.0,94.7,9.47
2016-11-27,5792.5,0.00134,0.00061,80934.052,40.0,85.0,62.5,62.5,65.0,65.0,0.00088,0.00095,0.000886,0.0007259999999999999,0.0012739999999999997,0.0012540000000000001,0.001252,0.001142,6036.0,6307.0,88.82000000000001,8.882000000000001
2016-12-04,5854.6,0.001354,0.00061,80197.3,40.0,85.0,62.5,62.5,65.0,65.0,0.00091,0.00098,0.00089,0.00073,0.001284,0.001262,0.0012600000000000003,0.00115,5764.0,5624.0,84.9,8.49
2016-12-11,5717.8,0.0013219999999999998,0.0005979999999999999,78913.1,40.0,85.0,62.5,62.5,65.0,65.0,0.00091,0.00098,0.00089,0.000736,0.00125,0.001238,0.0012280000000000001,0.001118,5764.0,5624.0,84.06,8.406
2016-12-18,5490.6,0.0012699999999999999,0.00058,77048.08399999999,40.0,85.0,62.5,62.5,65.0,65.0,0.00091,0.00098,0.00089,0.00074,0.0012079999999999999,0.0011880000000000003,0.001178,0.001068,5764.0,5624.0,82.8,8.28
2016-12-25,5493.0,0.0012699999999999999,0.00058,76935.48,40.0,85.0,62.5,62.5,65.0,65.0,0.00091,0.00098,0.00089,0.00074,0.0012079999999999999,0.0011880000000000003,0.001182,0.0010700000000000002,5764.0,5624.0,82.8,8.28
2017-01-01,5546.6,0.001286,0.00058,76129.48999999999,40.0,85.0,62.5,62.5,65.0,65.0,0.000886,0.0009559999999999999,0.0008959999999999999,0.0007519999999999998,0.0012239999999999998,0.0012020000000000002,0.0012020000000000002,0.0010919999999999999,5764.0,5624.0,83.11999999999999,8.312000000000001
2017-01-08,5690.5,0.001336,0.00058,77887.07599999999,40.0,85.0,62.5,62.5,65.0,65.0,0.00088,0.00095,0.000906,0.000766,0.0012740000000000002,0.0012479999999999998,0.00125,0.001146,5764.0,5624.0,83.8,8.379999999999999
2017-01-15,5753.1,0.001338,0.00058,78009.934,40.0,85.0,60.5,66.5,65.0,65.0,0.0009040000000000001,0.0009739999999999998,0.0009159999999999999,0.0007700000000000001,0.001278,0.001252,0.0012560000000000002,0.001154,5764.0,5624.0,86.2,8.62
2017-01-22,5851.6,0.001368,0.0005639999999999999,78402.19399999999,40.0,85.0,57.5,67.5,57.0,61.0,0.00091,0.00098,0.000932,0.000776,0.0013000000000000002,0.001272,0.0012739999999999997,0.0011780000000000002,5764.0,5624.0,86.2,8.62
2017-01-29,5889.6,0.001362,0.00056,79231.9,40.0,89.0,58.0,67.5,55.0,60.0,0.0009220000000000001,0.000992,0.0009400000000000001,0.00078,0.001298,0.0012699999999999999,0.0012699999999999999,0.0011740000000000001,5764.0,5624.0,87.96,8.796000000000001
2017-02-05,5837.6,0.001362,0.00056,78136.674,40.0,90.0,62.5,65.5,63.0,63.2,0.00093,0.001,0.0009400000000000001,0.000786,0.0012920000000000002,0.0012660000000000002,0.0012660000000000002,0.00117,5764.0,5624.0,88.4,8.84
2017-02-12,6045.2,0.0013900000000000002,0.00056,79360.52,40.0,90.0,60.8,65.0,63.0,66.8,0.000936,0.001006,0.0009400000000000001,0.0007900000000000001,0.001328,0.0012980000000000001,0.0012980000000000001,0.001198,5764.0,5624.0,84.5,8.45
2017-02-19,5976.8,0.001378,0.00056,77843.27600000001,40.0,90.0,53.0,65.0,62.5,69.5,0.0009400000000000001,0.00101,0.000952,0.000796,0.00131,0.0012799999999999999,0.001284,0.001172,5764.0,5624.0,81.9,8.19
2017-02-26,5961.4,0.0013759999999999998,0.00056,77775.468,40.0,90.0,50.5,65.0,63.7,64.0,0.0009340000000000002,0.0010040000000000001,0.000972,0.0008,0.0013059999999999999,0.001278,0.0012799999999999999,0.0011619999999999998,5764.0,5624.0,80.7,8.069999999999999
2017-03-05,5762.9,0.0013260000000000001,0.0006,75406.194,42.0,90.0,44.0,65.0,62.8,62.5,0.00093,0.001,0.00098,0.000806,0.001258,0.001234,0.00124,0.00112,5991.0,6092.0,80.4,8.04
2017-03-12,5838.2,0.0013520000000000001,0.00061,75854.822,42.5,86.0,45.0,65.0,56.5,64.5,0.0009180000000000001,0.000988,0.0009860000000000001,0.00081,0.0012879999999999999,0.001254,0.0012619999999999999,0.0011480000000000001,5991.0,6092.0,79.38,7.938
2017-03-19,5788.3,0.001344,0.00061,73022.05600000001,42.5,85.0,45.0,66.2,55.0,67.0,0.00091,0.00098,0.000996,0.0008160000000000001,0.001278,0.0012460000000000001,0.0012540000000000001,0.001142,5991.0,6092.0,78.7,7.87
2017-03-26,5800.8,0.001354,0.00061,75191.738,42.5,85.0,45.0,69.3,55.0,65.5,0.00091,0.00098,0.001,0.0008199999999999999,0.00129,0.0012540000000000001,0.001264,0.001158,5991.0,6092.0,77.74000000000001,7.773999999999999
2017-04-02,5798.1,0.0013479999999999998,0.00061,79361.15,42.5,85.0,45.0,70.0,55.0,69.0,0.0009,0.00097,0.001,0.0008199999999999999,0.001278,0.001244,0.001254,0.0011519999999999998,5991.0,6092.0,73.9,7.389999999999999
2017-04-09,5694.4,0.0013160000000000001,0.00061,77868.064,42.5,85.0,46.0,66.0,55.0,66.0,0.0009,0.00097,0.001,0.0008199999999999999,0.001252,0.001216,0.0012259999999999999,0.0011300000000000001,5991.0,6092.0,74.78,7.478
2017-04-16,5617.7,0.0013000000000000002,0.00061,74799.87,42.5,85.0,49.0,65.0,55.0,65.0,0.00089,0.0009599999999999999,0.001,0.0008199999999999999,0.00124,0.0012039999999999998,0.001212,0.001116,5991.0,6092.0,76.1,7.610000000000001
2017-04-23,5663.4,0.0013180000000000002,0.00061,74362.76199999999,42.5,85.0,54.0,65.0,57.0,65.0,0.00089,0.0009599999999999999,0.000994,0.0008199999999999999,0.001252,0.001222,0.001228,0.001132,5991.0,6092.0,76.2,7.62
2017-04-30,5614.125,0.00131,0.00061,75622.75,40.5,87.0,52.5,65.0,55.5,65.0,0.0009,0.00097,0.000996,0.0008199999999999999,0.001252,0.001218,0.001222,0.001128,5991.0,6092.0,76.6,7.659999999999999
2017-05-07,5514.9,0.001276,0.00061,74472.438,40.0,87.5,57.5,65.0,55.0,65.0,0.0009,0.00097,0.001,0.0008139999999999999,0.001222,0.0011899999999999999,0.001188,0.0010900000000000003,5991.0,6092.0,76.6,7.659999999999999
2017-05-14,5566.2,0.0012980000000000001,0.00061,73791.102,40.0,87.5,63.0,65.0,55.0,67.0,0.0008699999999999999,0.0009400000000000001,0.001006,0.0008160000000000001,0.001248,0.00122,0.001216,0.00112,5991.0,6092.0,80.5,8.05
2017-05-21,5667.2,0.0013180000000000002,0.000586,74186.80399999999,40.0,87.5,65.0,65.0,55.0,69.5,0.0008699999999999999,0.0009400000000000001,0.00101,0.0008199999999999999,0.001266,0.001244,0.001236,0.001138,5991.0,6092.0,80.5,8.05
2017-05-28,5604.875,0.001312,0.00058,73012.0,40.0,87.5,65.0,65.0,55.0,70.0,0.000874,0.0009440000000000001,0.00101,0.0008199999999999999,0.0012599999999999998,0.001234,0.00123,0.001134,5991.0,6092.0,82.3,8.23
2017-06-04,5617.8,0.0013160000000000001,0.00058,72044.522,40.0,87.5,65.0,65.0,55.0,70.0,0.00088,0.00095,0.00101,0.0008199999999999999,0.001266,0.0012400000000000002,0.001236,0.0011440000000000003,6187.0,6249.0,83.5,8.35
2017-06-11,5677.6,0.0013160000000000001,0.00058,72674.43000000001,40.0,89.5,65.0,65.0,55.0,66.0,0.00088,0.00095,0.001016,0.0008199999999999999,0.001264,0.0012439999999999999,0.001238,0.001144,6187.0,6249.0,83.38,8.338
2017-06-18,5704.1,0.001324,0.00058,74004.05600000001,40.0,90.0,67.0,65.0,55.0,65.0,0.00088,0.00095,0.0010199999999999999,0.0008199999999999999,0.0012679999999999998,0.001248,0.001242,0.001146,6187.0,6249.0,83.2,8.32
2017-06-25,5839.0,0.0013599999999999999,0.00058,75552.778,40.0,90.0,67.5,65.0,55.0,63.0,0.00088,0.00095,0.0010199999999999999,0.0008199999999999999,0.001312,0.001282,0.00128,0.001186,6187.0,6249.0,82.92,8.292
2017-07-02,5839.3,0.001356,0.00058,77428.222,40.0,90.0,67.5,65.0,55.0,61.7,0.0009,0.00097,0.0010199999999999999,0.0008199999999999999,0.001308,0.001278,0.0012720000000000001,0.001182,6187.0,6249.0,81.8,8.18
2017-07-09,5843.5,0.0013579999999999998,0.00058,78061.17199999999,40.0,90.0,68.1,65.0,55.0,61.5,0.0009,0.00097,0.0010199999999999999,0.0008199999999999999,0.001308,0.001278,0.001272,0.001182,6187.0,6249.0,81.7,8.17
2017-07-16,5958.7,0.001382,0.00058,77282.8,40.0,90.0,70.0,65.0,55.0,60.3,0.0009,0.00097,0.0010259999999999998,0.0008199999999999999,0.00133,0.001302,0.0012980000000000001,0.0012039999999999998,6187.0,6249.0,81.3,8.13
2017-07-23,6199.2,0.0014439999999999998,0.00058,80355.114,40.0,90.0,73.4,65.0,55.0,64.0,0.0009,0.00097,0.00103,0.0008199999999999999,0.0013880000000000001,0.0013599999999999999,0.001352,0.001254,6187.0,6249.0,81.3,8.13
2017-07-30,6313.5,0.0014680000000000001,0.00058,83441.84,42.0,90.0,70.7,65.0,55.0,63.0,0.0009400000000000001,0.00101,0.00103,0.000826,0.001402,0.001376,0.0013679999999999999,0.0012659999999999998,6187.0,6249.0,81.9,8.19
2017-08-06,6386.4,0.0014860000000000001,0.00058,85479.398,42.5,90.0,67.5,65.0,55.0,63.7,0.00095,0.0010199999999999999,0.001036,0.0008360000000000002,0.001416,0.001386,0.001382,0.001284,6187.0,6249.0,81.9,8.19
2017-08-13,6415.8,0.00149,0.00058,85331.736,42.5,90.0,66.7,65.0,55.0,64.8,0.00095,0.0010199999999999999,0.0010400000000000001,0.0008460000000000001,0.0014119999999999996,0.001378,0.001374,0.001276,6187.0,6249.0,82.38,8.238
2017-08-20,6588.9,0.0015279999999999998,0.00058,86867.194,42.5,90.0,63.1,65.0,55.0,64.2,0.00095,0.0010199999999999999,0.0010520000000000002,0.000856,0.001446,0.0014099999999999998,0.001408,0.00131,6187.0,6249.0,82.5,8.25
2017-08-27,6780.0,0.001568,0.00058,88403.49799999999,42.5,90.0,60.1,65.0,55.0,64.8,0.000974,0.001044,0.0010659999999999999,0.000872,0.001472,0.00144,0.00144,0.0013399999999999998,6187.0,6249.0,81.38,8.138
2017-09-03,6852.7,0.001576,0.00058,88247.232,42.5,90.0,60.0,65.0,57.0,65.0,0.00101,0.00108,0.0010760000000000001,0.00088,0.0014839999999999999,0.001456,0.001454,0.001352,6258.0,6464.0,79.7,7.970000000000001
2017-09-10,6583.9,0.0015140000000000002,0.00058,85312.85800000001,42.5,90.0,60.0,65.0,57.5,65.0,0.001006,0.0010760000000000001,0.00108,0.00088,0.00143,0.001402,0.001396,0.001298,6258.0,6464.0,80.6,8.059999999999999
2017-09-17,6462.3,0.001494,0.00058,85757.682,42.5,90.0,60.6,65.0,57.5,67.0,0.00099,0.00106,0.001092,0.000886,0.001412,0.0013720000000000002,0.0013720000000000002,0.0012740000000000002,6258.0,6464.0,84.2,8.42
2017-09-24,6431.0,0.0014919999999999998,0.00058,86349.652,42.5,90.0,64.3,65.0,59.5,67.5,0.00099,0.00106,0.0011,0.00089,0.001404,0.0013679999999999999,0.001364,0.001276,6258.0,6464.0,84.86,8.486
2017-10-01,6532.2,0.0015140000000000002,0.00058,88546.008,42.5,90.0,65.0,65.0,60.0,69.5,0.001,0.00107,0.001106,0.00089,0.00143,0.001394,0.001386,0.001302,6258.0,6464.0,87.5,8.75
2017-10-08,6759.55,0.001564,0.00058,91541.93600000002,46.5,90.0,68.5,65.0,60.0,66.8,0.001,0.00107,0.001116,0.00089,0.001482,0.001438,0.001434,0.00135,6258.0,6464.0,87.9,8.790000000000001
2017-10-15,6984.5,0.0016140000000000002,0.00058,94171.784,47.5,90.0,72.5,65.0,62.0,64.4,0.00105,0.00112,0.0011259999999999998,0.000902,0.001528,0.00149,0.001482,0.001392,6258.0,6464.0,89.5,8.95
2017-10-22,6946.05,0.0016040000000000002,0.00058,96678.326,47.5,90.0,72.5,65.0,66.5,68.8,0.00105,0.00112,0.0011300000000000001,0.00091,0.0015139999999999997,0.0014760000000000003,0.0014659999999999999,0.001378,6258.0,6464.0,89.5,8.95
2017-10-29,6863.4,0.001582,0.00058,96418.618,47.5,90.0,72.7,65.0,65.5,70.0,0.00105,0.00112,0.0011300000000000001,0.00091,0.00149,0.001448,0.0014420000000000001,0.001354,6258.0,6464.0,89.25999999999999,8.926
2017-11-05,6817.4,0.001574,0.00058,96942.55,47.5,90.0,72.8,65.0,65.0,70.0,0.00105,0.00112,0.001124,0.00091,0.00148,0.0014319999999999997,0.0014299999999999996,0.001348,6258.0,6464.0,89.2,8.92
2017-11-12,6752.65,0.00156,0.00058,97112.20199999999,47.5,90.0,75.4,65.0,65.0,70.0,0.001038,0.001108,0.00112,0.00091,0.0014619999999999998,0.001412,0.001416,0.0013319999999999999,6258.0,6464.0,87.22,8.722
2017-11-19,6863.1,0.00159,0.0006039999999999999,95842.83800000002,45.5,86.0,74.1,65.0,65.0,70.0,0.00103,0.0011,0.00112,0.00091,0.001494,0.0014479999999999996,0.0014499999999999997,0.001368,6258.0,6464.0,85.9,8.59
2017-11-26,6788.7,0.001562,0.00061,93615.01800000001,47.0,85.0,75.9,65.0,65.0,68.8,0.00103,0.0011,0.00112,0.00091,0.0014739999999999998,0.0014259999999999998,0.0014319999999999997,0.00135,6258.0,6464.0,85.7,8.57
2017-12-03,6612.0,0.0015099999999999998,0.00061,90007.454,47.5,85.0,77.9,65.0,65.0,68.5,0.00103,0.0011,0.00112,0.0009159999999999999,0.001422,0.001376,0.001378,0.001296,5875.0,5725.0,85.4,8.54
2017-12-10,6661.0,0.001544,0.00061,90422.11,47.5,85.0,78.0,65.0,65.0,68.5,0.00103,0.0011,0.00112,0.00092,0.0014620000000000002,0.001414,0.001414,0.001332,5875.0,5725.0,85.44000000000001,8.544
2017-12-17,6922.0,0.001608,0.00061,88804.668,47.5,85.0,76.6,65.0,65.0,68.5,0.00103,0.0011,0.00112,0.00092,0.001532,0.001482,0.001482,0.0013999999999999998,5875.0,5725.0,85.6,8.56
2017-12-24,7171.0,0.0016580000000000002,0.00061,89097.00000000001,47.5,82.0,75.6,65.0,65.0,66.4,0.00103,0.0011,0.00112,0.00092,0.001574,0.0015220000000000001,0.001524,0.001438,5875.0,5725.0,84.44,8.443999999999999
2017-12-31,7149.0,0.001652,0.00061,88500.12000000001,47.5,80.0,74.4,65.0,65.0,66.6,0.0010539999999999998,0.001124,0.001132,0.0009260000000000001,0.0015619999999999998,0.0015140000000000002,0.001516,0.0014259999999999998,5875.0,5725.0,79.8,7.980000000000001
2018-01-07,7102.1,0.0016300000000000002,0.00061,87940.89,47.5,80.0,72.3,65.0,65.0,65.4,0.00107,0.00114,0.0011459999999999999,0.00093,0.001546,0.0015,0.0015,0.001406,5875.0,5725.0,79.8,7.980000000000001
2018-01-14,7075.2,0.00162,0.00061,86846.624,47.5,80.0,70.6,65.0,65.0,71.0,0.001086,0.0011560000000000001,0.00115,0.0009419999999999999,0.0015360000000000003,0.00149,0.00149,0.001396,5875.0,5725.0,81.0,8.1
2018-01-21,7014.5,0.0016140000000000002,0.00061,84142.38200000001,47.5,78.0,68.6,65.0,65.0,72.5,0.00109,0.00116,0.0011560000000000001,0.00095,0.001532,0.0014839999999999999,0.0014839999999999999,0.001398,5875.0,5725.0,81.0,8.1
2018-01-28,7060.9,0.0016219999999999997,0.000626,84196.17,47.5,79.5,71.5,65.0,65.0,70.5,0.00109,0.00116,0.001178,0.00095,0.001534,0.0014839999999999999,0.0014919999999999998,0.001402,5875.0,5725.0,75.35999999999999,7.536
2018-02-04,6941.8,0.001584,0.00063,83746.88200000001,44.5,80.0,71.7,65.0,63.0,70.0,0.00109,0.00116,0.00119,0.00095,0.0014960000000000002,0.001446,0.001452,0.001366,5875.0,5725.0,71.6,7.159999999999999
2018-02-11,6982.7,0.001624,0.00063,82592.14200000002,43.75,81.6,72.6,65.0,62.5,70.0,0.00109,0.00116,0.00119,0.00095,0.001534,0.0014839999999999999,0.0014880000000000002,0.001402,5875.0,5725.0,70.75999999999999,7.0760000000000005
2018-02-18,7045.7,0.0016359999999999999,0.00063,82391.41,43.75,82.0,72.5,65.0,62.5,70.0,0.00109,0.00116,0.00119,0.00095,0.001546,0.0014960000000000002,0.0015020000000000003,0.001416,5875.0,5725.0,69.5,6.95
2018-02-25,6965.4,0.0015960000000000002,0.00063,81483.622,43.75,84.4,74.0,65.0,62.5,70.0,0.001082,0.0011519999999999998,0.00119,0.00095,0.0015099999999999998,0.001458,0.001464,0.001374,5875.0,5725.0,69.08000000000001,6.9079999999999995
2018-03-04,6865.9,0.001584,0.00063,81548.654,43.75,85.0,76.0,65.0,62.5,70.0,0.00107,0.00114,0.0012020000000000002,0.00095,0.001498,0.001454,0.001462,0.0013720000000000002,6158.0,6233.0,68.8,6.88
2018-03-11,6912.7,0.001586,0.00063,81686.894,43.75,85.0,75.3,65.0,62.5,70.0,0.00107,0.00114,0.00121,0.0009559999999999999,0.0015,0.00146,0.001464,0.00138,6158.0,6233.0,68.72,6.872
2018-03-18,6731.0,0.0015400000000000001,0.00063,80376.34199999999,47.55,85.0,77.5,65.0,64.1,70.0,0.00107,0.00114,0.00121,0.0009599999999999999,0.001456,0.0014199999999999998,0.0014179999999999998,0.0013399999999999998,6158.0,6233.0,68.6,6.860000000000001
2018-03-25,6607.0,0.0015279999999999998,0.00063,77447.48599999999,48.5,85.0,78.3,65.0,64.5,70.0,0.00107,0.00114,0.0012039999999999998,0.0009599999999999999,0.0014439999999999998,0.001404,0.001404,0.0013260000000000001,6158.0,6233.0,67.55999999999999,6.756
2018-04-01,6712.75,0.001552,0.00063,79597.476,47.7,85.0,79.5,69.0,68.9,71.2,0.0010400000000000001,0.0011099999999999999,0.0012,0.0009599999999999999,0.0014700000000000002,0.0014340000000000002,0.001428,0.0013599999999999997,6158.0,6233.0,66.0,6.6
2018-04-08,6834.3,0.0015699999999999998,0.00063,82032.92199999999,47.5,85.0,80.0,70.0,70.0,72.3,0.0010400000000000001,0.0011099999999999999,0.001212,0.0009599999999999999,0.0014960000000000002,0.001456,0.001454,0.00138,6158.0,6233.0,66.24,6.624
2018-04-15,6882.5,0.001586,0.00063,82618.524,46.7,85.0,80.0,70.0,70.0,74.1,0.00105,0.00112,0.00122,0.0009599999999999999,0.001514,0.0014759999999999999,0.0014700000000000002,0.001392,6158.0,6233.0,67.2,6.720000000000001
2018-04-22,6910.6,0.001582,0.00063,85456.90800000001,46.5,85.0,78.8,70.0,70.0,74.5,0.00105,0.00112,0.00122,0.00099,0.0015119999999999999,0.00148,0.001472,0.0013880000000000001,6158.0,6233.0,67.2,6.720000000000001
2018-04-29,6793.1,0.001554,0.00063,85127.93999999999,46.5,85.0,77.1,70.0,70.0,74.5,0.001042,0.0011119999999999997,0.00122,0.00101,0.001482,0.0014559999999999998,0.001442,0.001364,6158.0,6233.0,68.1,6.81
2018-05-06,6809.75,0.001564,0.00063,85236.678,46.5,85.0,79.7,70.0,70.0,74.5,0.0010400000000000001,0.0011099999999999999,0.00122,0.00101,0.00149,0.001464,0.001454,0.001358,6158.0,6233.0,68.1,6.81
2018-05-13,6809.1,0.0015600000000000002,0.00063,84611.716,45.7,86.6,81.5,70.0,70.0,74.5,0.0010479999999999999,0.0011179999999999999,0.001226,0.00101,0.0014839999999999999,0.001456,0.001448,0.0013440000000000001,6158.0,6233.0,70.02000000000001,7.002
2018-05-20,6862.7,0.0015700000000000002,0.000678,86451.49799999999,46.3,89.4,81.5,70.0,74.0,74.1,0.00105,0.00112,0.00123,0.00101,0.0014960000000000002,0.0014659999999999999,0.0014579999999999999,0.00135,6158.0,6233.0,70.5,7.05
2018-05-27,6822.625,0.001564,0.0006900000000000001,85949.122,46.5,91.2,80.0,70.0,77.8,74.0,0.00105,0.00112,0.00123,0.00101,0.00149,0.00146,0.001446,0.0013419999999999999,6158.0,6233.0,70.94000000000001,7.093999999999999
2018-06-03,7112.2,0.0016460000000000003,0.0006900000000000001,90539.35999999999,48.1,94.3,78.0,70.0,78.5,74.8,0.00105,0.00112,0.001236,0.00101,0.001564,0.0015379999999999999,0.001522,0.001422,6331.0,6394.0,71.6,7.159999999999999
2018-06-10,7191.7,0.001642,0.0006900000000000001,95363.34599999999,50.5,91.0,77.5,70.0,77.7,79.0,0.001058,0.0011279999999999999,0.00124,0.00101,0.001558,0.0015300000000000001,0.0015099999999999998,0.0014099999999999998,6331.0,6394.0,72.67999999999999,7.268000000000001
2018-06-17,6847.6,0.0015600000000000002,0.0007300000000000001,93399.424,49.0,90.0,75.6,70.0,73.5,80.0,0.00109,0.00116,0.001228,0.000998,0.0014739999999999998,0.001448,0.0014299999999999996,0.00133,6331.0,6394.0,77.0,7.7
2018-06-24,6695.8,0.0015220000000000001,0.00074,91182.63,46.5,92.0,74.1,70.0,72.5,80.0,0.00109,0.00116,0.001214,0.00099,0.0014399999999999999,0.001412,0.0013999999999999998,0.0013000000000000002,6331.0,6394.0,77.56,7.756
2018-07-01,6472.8,0.001472,0.00074,88724.34199999999,46.0,92.5,72.3,70.0,70.5,80.0,0.0010400000000000001,0.0011099999999999999,0.0012059999999999998,0.00099,0.001388,0.0013580000000000003,0.001346,0.001246,6331.0,6394.0,79.8,7.980000000000001
2018-07-08,6242.4,0.0014279999999999998,0.000788,83720.19200000001,46.0,92.5,71.5,70.0,70.0,77.6,0.0010400000000000001,0.0011099999999999999,0.001176,0.0009660000000000001,0.001346,0.001312,0.001302,0.0012079999999999999,6331.0,6394.0,81.05999999999999,8.106
2018-07-15,6081.5,0.001404,0.0008,80945.814,46.0,92.5,71.5,70.0,70.8,78.2,0.0009599999999999999,0.00103,0.0011480000000000001,0.0009440000000000001,0.00132,0.001292,0.00128,0.0011879999999999998,6331.0,6394.0,86.1,8.61
2018-07-22,6215.7,0.00143,0.0008,82706.948,49.2,92.5,72.5,70.0,71.0,77.7,0.0009599999999999999,0.00103,0.001134,0.0009340000000000002,0.0013520000000000001,0.001324,0.00131,0.001212,6331.0,6394.0,86.1,8.61
2018-07-29,6153.0,0.001418,0.0008,81753.974,50.0,92.5,75.0,70.0,71.0,77.5,0.000954,0.0010240000000000002,0.0011300000000000001,0.000924,0.0013419999999999999,0.001312,0.001294,0.001194,6331.0,6394.0,83.62,8.362
2018-08-05,6130.4,0.001406,0.0008,82388.992,50.0,92.5,75.4,70.0,71.0,77.5,0.00095,0.0010199999999999999,0.001124,0.00092,0.00133,0.0013,0.001284,0.00118,6331.0,6394.0,83.0,8.3
2018-08-12,5937.4,0.001354,0.0008,85841.084,50.0,92.5,77.4,70.0,71.0,77.5,0.0009380000000000001,0.001008,0.001114,0.000908,0.001276,0.0012439999999999999,0.001234,0.0011259999999999998,6331.0,6394.0,83.3,8.330000000000002
2018-08-19,5980.0,0.0013739999999999998,0.0008,86353.318,50.0,92.5,83.8,70.0,71.0,77.5,0.00093,0.001,0.00108,0.0008880000000000001,0.001288,0.001258,0.001252,0.0011380000000000001,6331.0,6394.0,83.5,8.35
2018-08-26,6067.125,0.001384,0.0008,87166.278,50.0,92.5,85.1,70.0,72.2,77.5,0.00093,0.001,0.001048,0.000856,0.0013059999999999999,0.001276,0.0012680000000000002,0.0011439999999999998,6331.0,6394.0,83.6,8.36
2018-09-02,5889.4,0.0013419999999999999,0.0008,89176.79199999999,46.0,92.5,85.5,70.0,72.5,83.5,0.0009059999999999999,0.0009760000000000001,0.001016,0.000822,0.001262,0.001234,0.001226,0.001094,6434.0,6615.0,84.0,8.4
2018-09-09,5903.4,0.001354,0.0008,88803.48000000001,45.0,92.5,92.7,70.0,78.5,85.0,0.0009,0.00097,0.001,0.00081,0.0012740000000000002,0.001248,0.001238,0.001108,6434.0,6615.0,84.0,8.4
2018-09-16,6036.0,0.001396,0.0008,88917.596,45.0,92.5,107.0,82.0,90.0,91.0,0.00089,0.0009599999999999999,0.001,0.00081,0.001322,0.0012900000000000001,0.00128,0.0011579999999999997,6434.0,6615.0,84.0,8.4
2018-09-23,6251.0,0.001438,0.0008,89398.504,45.0,92.5,109.5,85.0,84.5,90.5,0.00089,0.0009599999999999999,0.001006,0.0008160000000000001,0.001358,0.001328,0.001318,0.001202,6434.0,6615.0,84.47999999999999,8.448
2018-09-30,6242.6,0.0014259999999999998,0.0008,90327.61,47.0,92.5,107.5,85.0,84.5,90.0,0.0009400000000000001,0.00101,0.00101,0.000826,0.001346,0.001318,0.001306,0.0012,6434.0,6615.0,86.4,8.64
2018-10-07,6129.7,0.001424,0.0008,91643.41799999999,47.5,92.5,102.1,85.0,85.0,86.0,0.0009400000000000001,0.00101,0.00101,0.0008360000000000002,0.0013520000000000001,0.0013139999999999998,0.0013080000000000001,0.001204,6434.0,6615.0,86.4,8.64
2018-10-14,6168.4,0.0014179999999999998,0.0008,89199.09599999999,47.5,92.5,99.6,85.0,85.0,85.0,0.0009400000000000001,0.00101,0.001016,0.000858,0.00134,0.00131,0.0012980000000000001,0.0012,6434.0,6615.0,86.4,8.64
2018-10-21,6196.0,0.0014119999999999998,0.0008,89634.59400000001,47.5,92.5,99.0,85.0,85.0,85.0,0.0009400000000000001,0.00101,0.0010320000000000001,0.000876,0.001338,0.001304,0.0012920000000000002,0.0011979999999999998,6434.0,6615.0,86.4,8.64
2018-10-28,6207.8,0.0013980000000000002,0.0008,89764.604,46.3,92.5,96.0,85.0,85.0,85.0,0.000932,0.001002,0.0010340000000000002,0.000874,0.0013180000000000002,0.0012820000000000002,0.0012699999999999999,0.00118,6434.0,6615.0,86.4,8.64
2018-11-04,6254.4,0.00144,0.0008,89418.35,46.0,92.5,95.0,85.0,85.0,85.0,0.0009199999999999999,0.00099,0.00103,0.0008699999999999999,0.0013599999999999999,0.00133,0.00132,0.00123,6434.0,6615.0,86.4,8.64
2018-11-11,6194.0,0.00144,0.0008,89418.35,46.0,92.5,95.0,85.0,85.0,85.0,0.0009199999999999999,0.00099,0.00103,0.0008699999999999999,0.0013599999999999999,0.00133,0.00132,0.00123,6434.0,6615.0,86.4,8.64
